sample,richness,shannon,pielou,simpson
ERR1582633.ERS1293295,43,1.74624538899674,0.464278776795351,0.630166
ERR1582728.ERS1293390,50,1.53591521005161,0.392614053629143,0.555038
ERR1583016.ERS1293678,75,2.29426372110993,0.531388543703663,0.72347
ERR1582368.ERS1293030,169,3.95860150353609,0.771672448818603,0.945114
ERR1583401.ERS1294063,44,1.6041509529474,0.423908711806923,0.559654
ERR1582783.ERS1293445,48,1.51758866751819,0.392020115525408,0.568316
SRR7754516.SRS3714301,255,4.36298273014591,0.787362429992702,0.945244
ERR1582236.ERS1292898,80,2.43634178525704,0.555985161290184,0.773682
ERR1583425.ERS1294087,53,1.87794067068556,0.472998135042775,0.632444
ERR1583232.ERS1293894,84,2.94469917715368,0.664595109850268,0.906498
ERR1582742.ERS1293404,61,2.29234815731486,0.557630380560423,0.757364
ERR1582621.ERS1293283,69,1.79153055582092,0.423118916322897,0.584824
ERR1582063.ERS1292725,54,2.29696444050114,0.575826930789439,0.778248
ERR1582766.ERS1293428,41,1.75569560940258,0.472778117097565,0.65495
ERR1582604.ERS1293266,139,3.16590550103707,0.641589264415964,0.877074
ERR1582795.ERS1293457,63,2.30347760422925,0.555974583581903,0.772082
ERR1583437.ERS1294099,54,2.20426682696297,0.552588529117211,0.765412
ERR1582754.ERS1293416,47,1.66561539731339,0.432610790446995,0.602874
ERR1582075.ERS1292737,37,2.23755430036477,0.619663574330949,0.81085
ERR1583071.ERS1293733,99,3.1542451347964,0.686433703073929,0.902408
ERR1582616.ERS1293278,63,1.74194849945389,0.420442156601323,0.68353
ERR1582443.ERS1293105,83,3.3267085615818,0.752846471925725,0.934692
ERR1582538.ERS1293200,187,4.25673983667832,0.813735700872879,0.969484
ERR1582953.ERS1293615,76,2.65866168331087,0.613905653940607,0.809396
ERR1582832.ERS1293494,57,2.24732780477448,0.555849445356687,0.75783
ERR1583083.ERS1293745,49,2.46476429624422,0.633319143086025,0.842234
ERR1583178.ERS1293840,36,1.16064248934542,0.323883453465287,0.412038
ERR1583215.ERS1293877,58,2.601362704979,0.640659824118289,0.862844
ERR1582472.ERS1293134,77,3.26599068250165,0.751873153910268,0.939642
ERR1582046.ERS1292708,33,1.44518560915832,0.413322603698928,0.539482
ERR1583042.ERS1293704,133,3.67449018247971,0.75137583966645,0.955298
ERR1582112.ERS1292774,31,1.18701186302516,0.345665779265222,0.467598
ERR1583359.ERS1294021,69,2.67400650143229,0.631539735367765,0.84937
ERR1582455.ERS1293117,97,3.47218982451341,0.758996544443849,0.94299
ERR1582429.ERS1293091,73,3.20880637471467,0.747893417646618,0.928652
SRR7189375.SRS3321892,237,4.38327228773761,0.801613766967031,0.966
SRR12576064.SRS7312093,205,3.997030123411,0.7508966053184,0.950974
ERR1582965.ERS1293627,74,2.35970785587279,0.548250968508495,0.734744
ERR1583095.ERS1293757,73,2.6249808827172,0.611818132468955,0.830778
ERR1582100.ERS1292762,31,1.24523410379746,0.362620484482602,0.467488
ERR1582484.ERS1293146,130,3.79595614661461,0.779851932277402,0.950402
ERR1582579.ERS1293241,168,4.02912082633465,0.786328873998816,0.965232
ERR1583028.ERS1293690,84,2.37623552576489,0.536297399248197,0.732864
ERR1582124.ERS1292786,48,2.05401578285633,0.530588770014453,0.737388
ERR1582219.ERS1292881,37,1.47563269259541,0.408658609332614,0.576406
SRR7189391.SRS3321876,202,4.26688243742576,0.803818247432155,0.971006
SRR10585907.SRS5760903,299,4.68113536351786,0.821187913405389,0.970922
ERR1583463.ERS1294125,60,2.54153252144526,0.620742217178201,0.854946
ERR1583270.ERS1293932,48,1.56805615646719,0.405056764567089,0.527868
ERR1582496.ERS1293158,60,2.87839920205863,0.703018311799447,0.895066
ERR1582683.ERS1293345,63,2.24913438393619,0.542858133386136,0.732822
ERR1582778.ERS1293440,35,1.53103586877792,0.430628968612578,0.5955
ERR1582257.ERS1292919,187,4.08878376947055,0.781628535927647,0.964318
SRR10585900.SRS5760910,243,4.0995261126188,0.746309895657333,0.94677
ERR1583451.ERS1294113,35,1.85901152046896,0.522877504063606,0.731896
ERR1582642.ERS1293304,79,2.2492004896879,0.514756226789156,0.717658
ERR1582521.ERS1293183,188,4.10789550174359,0.784482198199241,0.952018
ERR1582058.ERS1292720,40,2.05876819998327,0.558101240659213,0.75167
SRR10585892.SRS5760918,288,4.78856284638666,0.845593548318688,0.980508
ERR1582286.ERS1292948,88,2.36935583310325,0.529188651932897,0.74692
ERR1583475.ERS1294137,71,2.63049771369212,0.617099521796116,0.87045
ERR1583282.ERS1293944,49,1.81708851156315,0.46689938701571,0.702916
ERR1582671.ERS1293333,90,2.83921382354404,0.630963092120217,0.859526
ERR1583408.ERS1294070,59,1.82257674171069,0.446979768250739,0.586054
ERR1583241.ERS1293903,40,2.16101783581933,0.585819586327037,0.775552
ERR1582311.ERS1292973,82,2.96241173517535,0.672248802102482,0.8774
SRR10585914.SRS5760896,231,4.20271215359297,0.772214184418056,0.946066
ERR1582654.ERS1293316,75,3.29110822158677,0.762273834933881,0.93437
ERR1582533.ERS1293195,185,4.07136681108512,0.779902165198487,0.948038
ERR1582628.ERS1293290,96,2.88244840680375,0.631513698317742,0.87034
ERR1582107.ERS1292769,49,2.43669375408677,0.626106440543957,0.823064
ERR1583103.ERS1293765,72,2.70995771967827,0.633661278262648,0.875948
ERR1583487.ERS1294149,68,2.8200878142488,0.668345222071612,0.885236
ERR1582360.ERS1293022,173,4.14138025588558,0.803637865225282,0.961132
ERR1582099.ERS1292761,29,1.17375397150772,0.348574651818589,0.434444
SRR7754518.SRS3714299,442,5.60613959613337,0.920350417999283,0.99268
ERR1582870.ERS1293532,94,2.9876084333438,0.657586306088438,0.882706
ERR1583253.ERS1293915,65,2.42672026245645,0.581335680078652,0.82635
ERR1583132.ERS1293794,34,2.13539773171506,0.605552868689596,0.832454
ERR1582323.ERS1292985,63,2.83258349125797,0.683681240973066,0.908674
ERR1583277.ERS1293939,111,3.06898856177123,0.651654927473666,0.878502
ERR1582666.ERS1293328,72,2.58581956617878,0.604634426494278,0.868636
ERR1583115.ERS1293777,43,1.93456477338446,0.51434773845521,0.73926
ERR1582372.ERS1293034,178,4.05611716672091,0.782764684660028,0.950558
ERR1582882.ERS1293544,53,1.96468909274923,0.494847516386137,0.733802
ERR1582335.ERS1292997,167,4.09049738908769,0.799238439711228,0.959984
SRR10585899.SRS5760911,280,4.35540218898625,0.772948503088134,0.951118
ERR1582841.ERS1293503,78,2.73612857190149,0.628026494481275,0.832862
ERR1582720.ERS1293382,53,2.03424535319675,0.512366696829796,0.70425
ERR1583127.ERS1293789,61,2.42399261694346,0.589653853908972,0.860608
ERR1582384.ERS1293046,150,3.59258482661284,0.716991881417866,0.893384
ERR1582479.ERS1293141,107,3.691744370564,0.790044853202742,0.950374
ERR1582516.ERS1293178,169,4.07411870732143,0.794190866862471,0.96464
ERR1582191.ERS1292853,48,1.92583034934262,0.497476195091963,0.707822
ERR1583380.ERS1294042,71,1.88303149121166,0.441748277029579,0.566178
ERR1583049.ERS1293711,87,2.57344705990699,0.576242724107426,0.790026
ERR1582894.ERS1293556,91,2.95099261119892,0.654197411144286,0.855424
ERR1582343.ERS1293005,161,3.53617152240215,0.695904373753369,0.894898
ERR1582438.ERS1293100,98,3.50555524728239,0.764575815115452,0.936226
SRR7189356.SRS3321910,118,3.18677901445559,0.667991968723466,0.861404
ERR1582948.ERS1293610,100,3.11664544059917,0.676770958450575,0.887972
ERR1582269.ERS1292931,135,3.00693596162803,0.613000514231186,0.814618
ERR1582306.ERS1292968,108,3.41686957958548,0.729768008164977,0.920072
ERR1582396.ERS1293058,113,3.31502026263447,0.701237213818735,0.888968
ERR1583392.ERS1294054,39,1.23221702073596,0.336344011581661,0.41433
ERR1582355.ERS1293017,169,4.16983046846746,0.812848498614069,0.964604
ERR1582186.ERS1292848,95,2.62246887483364,0.575876102331771,0.84932
ERR1583507.ERS1294169,94,3.29430903932149,0.725092514836893,0.929484
ERR1583314.ERS1293976,77,2.38276007970821,0.548542084256479,0.750882
ERR1582571.ERS1293233,137,3.5992128899492,0.731550171476201,0.915114
ERR1582145.ERS1292807,78,2.76156418799065,0.633864758432572,0.860382
ERR1582024.ERS1292686,78,2.57327179527761,0.590645805731501,0.840006
ERR1582119.ERS1292781,68,2.4863424971616,0.589249426920488,0.832584
ERR1583141.ERS1293803,43,1.99404004524991,0.530160582769794,0.744766
ERR1583020.ERS1293682,69,2.31873035851874,0.547631561936654,0.766412
ERR1582727.ERS1293389,69,2.15340256885277,0.50858488479557,0.707808
ERR1583363.ERS1294025,65,2.86686244723737,0.686774432241175,0.887952
ERR1583170.ERS1293832,54,2.3443610381661,0.587708802742719,0.777654
ERR1583194.ERS1293856,63,2.55138447849918,0.615810164764136,0.851138
ERR1583289.ERS1293951,65,2.59310741181571,0.621194739289376,0.847084
ERR1583326.ERS1293988,101,2.7229996600886,0.590017021256969,0.800438
ERR1582583.ERS1293245,195,4.41694455604711,0.837653124562405,0.977134
ERR1582678.ERS1293340,64,2.46061735043969,0.591653408167446,0.832564
ERR1582157.ERS1292819,58,1.58531030016103,0.390427915388399,0.522174
ERR1582036.ERS1292698,58,2.48897229762115,0.612980478030697,0.844606
ERR1582902.ERS1293564,91,2.82918205189449,0.62719356428795,0.833478
ERR1583153.ERS1293815,65,2.41670418784358,0.578936268149361,0.81367
ERR1583248.ERS1293910,72,2.6331264577475,0.615696054933862,0.81218
ERR1582542.ERS1293204,167,4.06253884613128,0.793775646284519,0.961292
ERR1582421.ERS1293083,82,3.11732269269683,0.707402155159328,0.913296
ERR1583375.ERS1294037,37,1.21566148981633,0.336662732088006,0.42887
ERR1582931.ERS1293593,69,2.92128340037541,0.689940934930089,0.88747
SRR7189386.SRS3321881,361,5.3333190469186,0.905659632387498,0.991854
ERR1582404.ERS1293066,66,3.26532773603951,0.779378716648179,0.939432
SRR12576075.SRS7312081,171,3.55342610023137,0.691104359743133,0.913298
ERR1582914.ERS1293576,100,3.06065133344493,0.664611992572481,0.886838
ERR1582649.ERS1293311,52,1.94210866251019,0.491518316973736,0.682956
ERR1582528.ERS1293190,200,4.30123669328891,0.811811825476068,0.972012
ERR1583387.ERS1294049,72,2.22317244149819,0.519837738001789,0.71895
ERR1583346.ERS1294008,58,2.22395532495998,0.547712483387546,0.756796
ERR1582770.ERS1293432,61,2.19837628970674,0.534771039526611,0.753802
SRR10585887.SRS5760923,278,4.52703201324235,0.804430845962458,0.965898
ERR1582416.ERS1293078,69,3.10068981397683,0.732312663984761,0.91992
ERR1582091.ERS1292753,45,1.68838143388804,0.44353326264812,0.60179
SRR7189360.SRS3321907,259,4.39347378138252,0.790644182724414,0.952784
ERR1582318.ERS1292980,59,2.55001870289178,0.625382044425622,0.857758
ERR1582926.ERS1293588,36,2.02933933450756,0.566297923733553,0.779978
ERR1583177.ERS1293839,42,1.16568155441328,0.311873887598618,0.412002
ERR1582338.ERS1293000,171,4.11425917560682,0.80018055059311,0.957026
ERR1582050.ERS1292712,50,2.11356924610709,0.5402752599293,0.736192
ERR1582566.ERS1293228,169,4.11514449376127,0.802188254085827,0.955902
ERR1582848.ERS1293510,93,2.68770323064654,0.592971700832264,0.814786
SRR10585880.SRS5760930,256,4.37018783399207,0.788106039481705,0.959566
ERR1583015.ERS1293677,81,2.3802316774359,0.541645060315488,0.751114
SRR5312059.SRS2022590,452,5.69708204672363,0.931857737963076,0.994426
ERR1583400.ERS1294062,33,1.03329411768814,0.295521774091277,0.375916
ERR1582782.ERS1293444,44,1.54146852545015,0.407344418375267,0.58228
SRR7754515.SRS3714300,419,5.38335758952649,0.891598654711868,0.988784
ERR1583424.ERS1294086,50,2.07100930066009,0.529395992249139,0.693106
ERR1583231.ERS1293893,52,1.95412616168318,0.494559764180973,0.668762
ERR1582741.ERS1293403,67,2.35129309630275,0.559206893141057,0.775926
ERR1582620.ERS1293282,116,3.38331147612776,0.711738147402294,0.920286
ERR1582062.ERS1292724,35,1.53236048329217,0.431001538187017,0.61157
ERR1582379.ERS1293041,68,3.11511637885824,0.738265360918029,0.909018
ERR1583214.ERS1293876,60,2.52525494074044,0.616766591664167,0.846866
ERR1583309.ERS1293971,80,2.05093496134847,0.468033431179979,0.642992
ERR1582794.ERS1293456,59,2.42256973257843,0.594125686374554,0.799458
ERR1582019.ERS1292681,72,2.71541225233716,0.634936695259695,0.875164
ERR1583436.ERS1294098,70,2.36415293302952,0.5564683019132,0.776144
ERR1582753.ERS1293415,55,1.60333140110534,0.400099349615804,0.532282
ERR1582074.ERS1292736,39,2.26068698011777,0.617073547133038,0.813664
ERR1582169.ERS1292831,62,2.50185564072117,0.606196795962542,0.855832
ERR1583358.ERS1294020,67,2.34205598230015,0.557010034811863,0.796122
ERR1583070.ERS1293732,56,2.39443764357011,0.59483936498796,0.820736
ERR1583202.ERS1293864,65,2.42898693557633,0.581878675486919,0.795344
ERR1583226.ERS1293888,49,2.19851531092393,0.564906686979163,0.737796
ERR1582578.ERS1293240,162,4.05530058611896,0.79709558677747,0.96523
ERR1582442.ERS1293104,78,2.98090592782609,0.684210500725867,0.911704
ERR1582952.ERS1293614,31,1.46387530042415,0.426290260637015,0.592224
ERR1583407.ERS1294069,46,1.87665602145737,0.490162391071226,0.609102
ERR1583082.ERS1293744,46,2.45317760258973,0.640743634240419,0.842258
ERR1582045.ERS1292707,41,1.56745502152092,0.422088219473276,0.579252
ERR1583041.ERS1293703,126,3.53046456761249,0.72999561140924,0.945286
ERR1583399.ERS1294061,39,1.09396258584426,0.298606299419029,0.378494
ERR1582111.ERS1292773,38,1.41210976608706,0.388199675301513,0.513834
ERR1582495.ERS1293157,62,1.61926367078205,0.392345758512139,0.507606
ERR1582627.ERS1293289,70,2.14054616214404,0.503836309137892,0.703914
ERR1582454.ERS1293116,107,2.76730555957575,0.592212053471121,0.771518
ERR1582428.ERS1293090,83,3.35566319341302,0.759399012377205,0.943248
SRR7189374.SRS3321893,245,4.0653744547164,0.738989936324739,0.938956
SRR7189367.SRS3321900,260,4.71507193911101,0.84793056894536,0.97936
SRR12576063.SRS7312092,205,4.06275950564734,0.763244765944426,0.953634
ERR1582964.ERS1293626,82,3.14344227831332,0.713329373153238,0.899428
ERR1583094.ERS1293756,58,2.4190524538739,0.595760720589048,0.819066
ERR1582483.ERS1293145,98,3.06290085915504,0.668031098018418,0.892428
ERR1582802.ERS1293464,70,2.96060210187985,0.696858989643528,0.898024
ERR1583148.ERS1293810,62,2.46484972549109,0.59723030449956,0.861776
ERR1582123.ERS1292785,53,2.34947302500137,0.591763295031713,0.819048
ERR1582218.ERS1292880,33,1.45398698962522,0.415839795586026,0.582242
SRR7189390.SRS3321877,236,4.29886349851658,0.786785474355654,0.963728
SRR10585906.SRS5760904,288,4.68702429188564,0.827663252873897,0.972854
ERR1582976.ERS1293638,96,3.15356147056063,0.690911678573427,0.90615
ERR1582814.ERS1293476,96,3.32958618877162,0.729476816645066,0.937138
ERR1582909.ERS1293571,91,3.03765156049895,0.67340859455065,0.883002
ERR1583065.ERS1293727,110,3.44460768214365,0.732820353258289,0.936974
ERR1582256.ERS1292918,184,4.11741314119665,0.789542447419229,0.963064
ERR1582135.ERS1292797,66,2.26861642744874,0.541480519788957,0.713486
ERR1583131.ERS1293793,41,2.11713805981813,0.570108246666405,0.826404
ERR1582641.ERS1293303,52,1.84542701141081,0.467049653943735,0.68588
SRR10585891.SRS5760919,159,3.46446254919942,0.683473668269751,0.919712
ERR1582285.ERS1292947,54,2.40277324261809,0.60235218155049,0.8553
ERR1583281.ERS1293943,62,2.02165569352427,0.489844891130722,0.611046
ERR1582670.ERS1293332,53,2.30446519644397,0.580427144054056,0.802948
ERR1583240.ERS1293902,48,2.08201117974108,0.537820478418608,0.752084
ERR1582310.ERS1292972,86,2.97631592302085,0.668182277911781,0.868686
ERR1582789.ERS1293451,47,1.93455424821634,0.502462359457881,0.70814
ERR1582947.ERS1293609,87,3.2477864624105,0.727239875098222,0.927798
ERR1582826.ERS1293488,64,2.55376312981316,0.614050233831088,0.792706
ERR1583077.ERS1293739,65,2.07471357032551,0.497010324194808,0.684736
SRR10585913.SRS5760897,206,3.76364495215012,0.706406236353119,0.921734
ERR1583264.ERS1293926,93,2.7844349594432,0.614313036845467,0.843406
ERR1582653.ERS1293315,53,2.00571699394843,0.505181240478101,0.697836
ERR1582748.ERS1293410,38,1.7426210038491,0.479059719091349,0.669534
ERR1582532.ERS1293194,181,4.13003792312773,0.794467689081678,0.960192
ERR1582069.ERS1292731,72,2.31245634703811,0.540714725602696,0.732436
ERR1582106.ERS1292768,43,2.2711456930422,0.603835377853432,0.79997
ERR1583293.ERS1293955,52,2.08289435353466,0.527149045182781,0.680746
ERR1582098.ERS1292760,35,1.15435786423583,0.324682097018721,0.413434
SRR7754517.SRS3714297,384,5.26685019597662,0.885089324292593,0.98632
ERR1583445.ERS1294107,59,2.48919518578084,0.610465316388739,0.824032
ERR1583419.ERS1294081,59,2.66457480318355,0.65347647687847,0.883212
ERR1583252.ERS1293914,69,2.41668767228366,0.570766859468391,0.820542
ERR1582322.ERS1292984,64,2.90468149382289,0.698428264416706,0.910044
ERR1582665.ERS1293327,100,3.08119365472011,0.669072700960129,0.885772
ERR1583114.ERS1293776,41,2.64743443115191,0.71290778355661,0.89059
ERR1583209.ERS1293871,45,2.53006645219491,0.664641653677986,0.848158
ERR1582371.ERS1293033,132,3.81127911583472,0.780551653796337,0.956204
ERR1582503.ERS1293165,177,4.21243551137141,0.813816394232627,0.965554
ERR1583457.ERS1294119,38,1.77532314442743,0.488049785344732,0.692734
ERR1582334.ERS1292996,164,4.03002516272661,0.790221708697961,0.9579
SRR10585898.SRS5760912,319,4.7395333629766,0.822094754272273,0.96426
ERR1583330.ERS1293992,37,1.19720480499037,0.331551376672995,0.416608
ERR1582840.ERS1293502,74,2.73425168860719,0.63527191838348,0.845346
ERR1582161.ERS1292823,49,2.64430412255474,0.679451752651191,0.86665
ERR1583089.ERS1293751,48,2.08955019443443,0.539767939858122,0.767662
ERR1583247.ERS1293909,67,2.62474783504695,0.624242500615214,0.824106
ERR1583126.ERS1293788,39,1.61181200696241,0.43995765941736,0.575482
ERR1582383.ERS1293045,62,3.22521559830066,0.781466096666834,0.929594
ERR1582478.ERS1293140,61,2.35737389553834,0.57344836485573,0.79548
ERR1582515.ERS1293177,176,4.18427357515708,0.809261488706379,0.966158
ERR1582190.ERS1292852,43,1.99235214408577,0.52971181612292,0.744224
ERR1582702.ERS1293364,73,2.89085136740372,0.673785967926538,0.909884
ERR1583048.ERS1293710,84,2.5322438706091,0.57150723795896,0.78967
ERR1582893.ERS1293555,58,2.59783465005801,0.639790939882793,0.886234
ERR1582342.ERS1293004,172,3.63829837640036,0.706809573626321,0.903936
ERR1582852.ERS1293514,87,2.7723843362983,0.620788485261878,0.863958
ERR1582268.ERS1292930,135,3.00859765696099,0.61333927106093,0.821252
ERR1582305.ERS1292967,67,3.01012967486257,0.715897676082344,0.917348
ERR4650589.ERS5129643,125,3.27011276687432,0.677278434002802,0.919982
ERR1583301.ERS1293963,51,1.40420239592571,0.357137504837098,0.46395
ERR1582395.ERS1293057,103,3.76084679757001,0.811449128335456,0.959888
ERR1583391.ERS1294053,59,1.96570942140192,0.482082494261301,0.635374
ERR1582714.ERS1293376,72,2.25913206415375,0.528246068616064,0.73188
ERR1582354.ERS1293016,174,4.15113968313576,0.804631747941872,0.961766
ERR1582449.ERS1293111,63,3.02198798550899,0.729396504115375,0.92092
SRR7189369.SRS3321898,283,4.78521156563693,0.847623164719621,0.981222
ERR1583506.ERS1294168,91,3.27329760212397,0.725648315447427,0.925784
ERR1583181.ERS1293843,57,2.17893369606255,0.538932986924399,0.793888
ERR1583313.ERS1293975,87,2.55648820837938,0.572445321411932,0.790102
ERR1582570.ERS1293232,11,0.120763368339864,0.0503622362952207,0.03366
ERR1582144.ERS1292806,85,2.81811018280897,0.634330722829518,0.864098
ERR1582023.ERS1292685,77,2.80406250335513,0.645531332791266,0.858862
ERR1582118.ERS1292780,80,2.6178512862206,0.597406520879219,0.850094
ERR1583140.ERS1293802,48,1.61740971670673,0.417805666032156,0.567082
ERR1582847.ERS1293509,82,3.01992267927691,0.685299541410931,0.895772
ERR1582726.ERS1293388,60,2.19085495910344,0.535092961964688,0.732148
ERR1582876.ERS1293538,86,2.96655498301537,0.665990949001776,0.887094
ERR1583193.ERS1293855,40,2.30261460394656,0.624204350559254,0.843114
ERR1583288.ERS1293950,67,1.93419125824979,0.460007765925575,0.627786
ERR1582582.ERS1293244,182,4.09115480552848,0.786154794091276,0.961658
ERR1582156.ERS1292818,38,2.31279671046411,0.635805341484497,0.844202
ERR1582035.ERS1292697,74,2.48445450799633,0.577234417741292,0.82934
ERR1582901.ERS1293563,73,2.99105445355608,0.69714082945753,0.904142
ERR1583152.ERS1293814,77,2.56899066390281,0.591414765260483,0.835598
ERR1582541.ERS1293203,174,3.65030075017192,0.707552165747803,0.879018
ERR1582420.ERS1293082,92,3.32082320446737,0.734404793121613,0.921772
ERR1583374.ERS1294036,56,2.07902255430243,0.51648221423424,0.668876
ERR1582930.ERS1293592,35,1.56918848644365,0.441360018570526,0.631824
ERR1583109.ERS1293771,38,1.33764519331054,0.36772879997189,0.518968
SRR7189385.SRS3321882,197,4.06634449277671,0.769673989791048,0.95636
ERR1583337.ERS1293999,69,2.07242998945735,0.489460996601567,0.64011
ERR1582403.ERS1293065,142,3.78721176394526,0.764193689555091,0.932816
SRR12576074.SRS7312082,235,4.23441561556484,0.775592873230894,0.956198
ERR1582210.ERS1292872,56,1.98446726915944,0.492992270396382,0.684438
ERR1582689.ERS1293351,65,2.70000957440841,0.646803806125039,0.88612
ERR1583357.ERS1294019,77,2.43890215582077,0.561466713852018,0.765614
ERR1582913.ERS1293575,56,2.32968851300197,0.578754029955703,0.78328
ERR1582329.ERS1292991,125,3.35614652093108,0.695097026318394,0.903022
ERR1582553.ERS1293215,187,4.30728726065386,0.823398552034614,0.974708
ERR1582648.ERS1293310,83,2.3350956005394,0.528440785218494,0.73666
ERR1582432.ERS1293094,83,3.20414349377086,0.725109543013946,0.922966
ERR1583386.ERS1294048,57,1.91318237666775,0.473202601186021,0.68513
ERR1582577.ERS1293239,181,4.06598061560857,0.782145414560045,0.956836
ERR1583026.ERS1293688,99,2.95061623222436,0.642119537347418,0.862998
SRR10585886.SRS5760924,239,4.08469972597082,0.745864495807733,0.946618
ERR1582415.ERS1293077,84,3.15701525226053,0.712513154027196,0.900398
ERR1582090.ERS1292752,39,2.13291548080066,0.582197240506099,0.791022
ERR1582222.ERS1292884,47,2.31852374574395,0.602190873075663,0.836414
ERR1582925.ERS1293587,84,3.15947258262086,0.713067753883587,0.914082
ERR1583176.ERS1293838,86,3.20820178419814,0.720240603353158,0.921782
SRR10585910.SRS5760900,286,4.69011276928531,0.829229059404431,0.976334
ERR1582752.ERS1293414,54,1.69756408734654,0.425563017432637,0.57397
ERR1582631.ERS1293293,89,3.17567228606751,0.707491546314994,0.904312
ERR1583014.ERS1293676,119,3.67021262486795,0.767967730936034,0.953346
ERR1582205.ERS1292867,67,2.42591565126248,0.576954339081714,0.828858
ERR1582781.ERS1293443,32,1.96144739669431,0.56595408643509,0.774018
ERR1582427.ERS1293089,86,3.37369860464177,0.75739460357735,0.942236
SRR7754514.SRS3714302,443,5.53680131667588,0.908630166818434,0.99192
ERR1582234.ERS1292896,43,1.50004147517849,0.398819905625225,0.583618
ERR1583423.ERS1294085,51,2.19024394520388,0.557055207884762,0.746786
ERR1583230.ERS1293892,30,1.2817389494296,0.376849328515953,0.497718
ERR1582740.ERS1293402,46,2.16385929711934,0.565176801124184,0.76695
ERR1582937.ERS1293599,83,3.20303519787869,0.72485873154765,0.921038
ERR1582349.ERS1293011,176,3.97819217121262,0.769404213421855,0.947574
ERR1582764.ERS1293426,51,2.1144567738692,0.537779894477191,0.712974
ERR1583147.ERS1293809,41,1.81061400048011,0.487566679185783,0.681858
ERR1582378.ERS1293040,168,3.90347240085808,0.761807150977021,0.933284
ERR1583213.ERS1293875,68,2.72465250147919,0.645727580527186,0.87746
ERR1583308.ERS1293970,64,2.48567989394996,0.597679676039834,0.81595
ERR1582602.ERS1293264,64,1.91775198738421,0.461121880309026,0.64423
ERR1582888.ERS1293550,90,2.85170086704219,0.633738108045999,0.871058
ERR1582044.ERS1292706,56,1.71626809810948,0.426364757658242,0.600612
ERR1582139.ERS1292801,70,2.92386391508708,0.688211648714637,0.907764
ERR1582018.ERS1292680,88,3.16746426931074,0.707443822199889,0.929568
ERR1583435.ERS1294097,65,2.49850313916916,0.598531707201097,0.800848
ERR1582073.ERS1292735,45,1.77971750711939,0.467527003484561,0.695018
ERR1582168.ERS1292830,56,2.60136158493741,0.646244548252707,0.853904
ERR1583201.ERS1293863,48,2.16743354847144,0.559886593944427,0.752984
SRR7189366.SRS3321901,253,4.74864954376093,0.858180967277789,0.981916
ERR1583225.ERS1293887,57,2.50547913033222,0.619700064222572,0.864424
ERR1582614.ERS1293276,52,2.30975387286823,0.584563756977633,0.801576
ERR1582709.ERS1293371,25,1.11161107698995,0.345341397888646,0.424378
ERR1582056.ERS1292718,39,1.7899588990125,0.488584353672196,0.68958
ERR1582441.ERS1293103,78,3.07116972343395,0.704928845512853,0.911262
ERR1582085.ERS1292747,27,2.16585075200614,0.657147437831742,0.834894
ERR1583369.ERS1294031,83,2.39062029559939,0.541006229412615,0.768748
ERR1582951.ERS1293613,23,1.49371705386174,0.476389669696489,0.635088
ERR1582470.ERS1293132,115,3.7775455210614,0.796122140184216,0.9466
ERR1583237.ERS1293899,62,2.07937768157827,0.503830863640645,0.681528
ERR1583398.ERS1294060,39,1.15533148201984,0.315357456381385,0.389724
ERR1582980.ERS1293642,94,3.46835399801325,0.763400607759009,0.944152
SRR12576069.SRS7312087,183,3.61409883714486,0.693753420416256,0.91218
ERR1582110.ERS1292772,66,2.50488550468344,0.597873967884975,0.806916
ERR1582494.ERS1293156,79,3.40360780969614,0.778956043101518,0.947638
ERR1582589.ERS1293251,181,4.275888915755,0.82252406609797,0.969494
ERR1582747.ERS1293409,65,2.0823973086686,0.498851010706695,0.687076
ERR1582626.ERS1293288,77,2.98028184425036,0.686099296542282,0.88982
ERR1583159.ERS1293821,46,1.98061313993344,0.517314873560549,0.675378
ERR1582453.ERS1293115,108,2.80176775509441,0.598395820019607,0.77991
ERR1582548.ERS1293210,185,4.22138505884509,0.808639334231926,0.967374
ERR1582097.ERS1292759,34,1.33475766612257,0.378508566212996,0.485916
SRR7189373.SRS3321894,235,4.3498889291115,0.796743437362093,0.966864
SRR12576062.SRS7312094,242,4.2437519017677,0.773146301431833,0.952862
ERR1583093.ERS1293755,55,2.48572718593003,0.620294612659175,0.847576
ERR1583188.ERS1293850,63,2.83723883695148,0.684804869819567,0.88812
ERR1582482.ERS1293144,94,3.2593310229302,0.717393693151848,0.921138
ERR1582801.ERS1293463,85,3.00392045249643,0.676154908199912,0.899502
ERR1582992.ERS1293654,83,3.17288114383265,0.718034757405466,0.919966
ERR1582122.ERS1292784,51,2.30406507008517,0.586003878429548,0.814398
ERR1582465.ERS1293127,71,3.06903812951534,0.719978562322988,0.912428
ERR1582272.ERS1292934,63,2.58987331626089,0.625099951436177,0.87031
SRR10585905.SRS5760905,232,4.19346914530769,0.769904781369105,0.951272
ERR1583461.ERS1294123,56,2.52213828673453,0.626563460911886,0.866214
ERR1583009.ERS1293671,100,3.00120527470862,0.651703444932443,0.856798
ERR1582975.ERS1293637,64,2.23957325861634,0.538503538985555,0.743752
ERR1583490.ERS1294152,69,2.47990461791255,0.58569726935776,0.810826
ERR1582681.ERS1293343,93,2.90718031816821,0.641393602624645,0.882186
ERR1582813.ERS1293475,84,3.25338588780917,0.734263237572467,0.92007
ERR1582908.ERS1293570,46,2.10607642887566,0.550084536725469,0.75358
ERR1582134.ERS1292796,62,2.60405863499567,0.630960466039493,0.828588
ERR1582640.ERS1293302,97,3.35091324770113,0.732486328305133,0.935136
ERR1582284.ERS1292946,47,2.36509271537554,0.614286245629928,0.84895
ERR1583473.ERS1294135,89,2.95830297713368,0.659064966162589,0.847416
ERR1583280.ERS1293942,76,2.22305111842735,0.513319787609082,0.667146
ERR1582987.ERS1293649,74,2.80081183570435,0.650736402692106,0.881736
ERR1582788.ERS1293450,41,2.02868988308232,0.546290699801264,0.742234
ERR1582946.ERS1293608,38,1.59587928611959,0.438719308916556,0.637666
SRR10585912.SRS5760898,228,4.0254557663539,0.741425586333339,0.9316
ERR1583263.ERS1293925,60,1.98735971963393,0.485391419659937,0.677324
ERR1582531.ERS1293193,183,4.08164598359981,0.783502607329813,0.955886
ERR1582068.ERS1292730,45,2.34448064853312,0.61588876209369,0.804304
ERR1583101.ERS1293763,52,1.79004647571496,0.453033678306642,0.621102
ERR1583485.ERS1294147,70,2.20326040796275,0.518597828745587,0.794778
ERR1583292.ERS1293954,60,2.42955829854306,0.59339370725176,0.84673
ERR1583418.ERS1294080,61,2.59029298921065,0.630107630347241,0.824286
ERR1583251.ERS1293913,35,1.07964908427864,0.303669026381161,0.35379
ERR1582514.ERS1293176,166,4.20917752336233,0.823393501242212,0.96844
ERR1582609.ERS1293271,86,3.10943576624128,0.698067653785457,0.915664
ERR1583275.ERS1293937,60,1.60510903780447,0.392030766685972,0.506
ERR1582664.ERS1293326,47,2.31030793284605,0.600056977509101,0.794878
ERR1582117.ERS1292779,48,2.37662372013749,0.613924131927243,0.792332
ERR1583113.ERS1293775,64,2.16377725488049,0.520278452534069,0.68936
ERR1582370.ERS1293032,134,3.80800141168144,0.777485905463794,0.953046
ERR1582502.ERS1293164,171,4.11689228287713,0.800692662527577,0.95623
ERR1582039.ERS1292701,77,2.95318413531096,0.679861054653483,0.905534
ERR1582880.ERS1293542,68,2.73726358967645,0.648716338713786,0.85
ERR1582647.ERS1293309,35,1.86702184753878,0.525130540034003,0.718586
ERR1582526.ERS1293188,181,4.14876418231901,0.798069933937962,0.957814
SRR10585897.SRS5760913,271,4.64859937418101,0.829793069874773,0.97871
ERR1583287.ERS1293949,55,1.8573230190591,0.463481056654728,0.621958
ERR1583088.ERS1293750,21,1.06593712601716,0.350116364001649,0.431046
ERR1583246.ERS1293908,53,2.23449030202517,0.56280252200046,0.765322
ERR1583125.ERS1293787,44,1.65714719963508,0.437913360573112,0.570768
ERR1582382.ERS1293044,122,3.38684361292592,0.705001826883958,0.892502
SRR10585890.SRS5760920,230,4.22140837479111,0.77626826219035,0.962712
ERR1582701.ERS1293363,139,3.3730288014074,0.683564012520252,0.89461
ERR1582892.ERS1293554,84,2.91520719628903,0.657939005072396,0.872844
ERR1582730.ERS1293392,79,2.69980449515828,0.617882301452334,0.84521
ERR1582172.ERS1292834,54,2.56950032608192,0.644149060534608,0.832184
ERR1582304.ERS1292966,71,3.03829085520153,0.712765429927236,0.922166
ERR1583300.ERS1293962,53,1.4248245781523,0.358871490856587,0.47302
ERR1582394.ERS1293056,154,3.99520531784597,0.793179057498284,0.943116
ERR1583390.ERS1294052,59,1.89467260177601,0.464660994004551,0.606642
ERR1582713.ERS1293375,36,1.83597191939488,0.512337719131985,0.751188
ERR1583059.ERS1293721,86,2.9140856952729,0.654211605306102,0.886208
ERR1582999.ERS1293661,87,2.43806725334315,0.545928664129715,0.751882
ERR1582448.ERS1293110,68,3.08203178807993,0.730424495800583,0.916196
SRR7189368.SRS3321899,221,4.32288286626729,0.800806330837688,0.973162
ERR1582863.ERS1293525,60,2.16772731349204,0.529444281141684,0.733526
ERR1582958.ERS1293620,37,2.05585425821472,0.569343947425614,0.813462
ERR1582184.ERS1292846,57,2.18404946897042,0.540198311692494,0.804144
ERR1583505.ERS1294167,91,3.26988996283581,0.724892885294209,0.926662
ERR1582143.ERS1292805,32,1.21532854202559,0.350669692126228,0.473072
ERR1582022.ERS1292684,39,2.6282326904313,0.717398243648467,0.878458
ERR1582846.ERS1293508,82,3.00105091336314,0.681017043512864,0.89164
ERR1582725.ERS1293387,88,2.69004927571681,0.600814588488874,0.823092
ERR1583361.ERS1294023,88,2.59346180505783,0.579242061189465,0.794014
ERR1582431.ERS1293093,69,2.96665815393032,0.700657423404256,0.906868
ERR1583324.ERS1293986,67,2.13182958614606,0.507011993294018,0.708798
ERR1582581.ERS1293243,179,4.04629053549716,0.780024985020629,0.958612
ERR1582155.ERS1292817,46,2.45170874312476,0.640359983928765,0.855858
ERR1582034.ERS1292696,80,2.54396698386578,0.580545760205108,0.807052
ERR1582129.ERS1292791,54,2.286709431815,0.573256098575913,0.773724
ERR1583344.ERS1294006,61,1.85290005243459,0.450731429291179,0.56946
ERR1583439.ERS1294101,33,1.91652314143052,0.54812498121031,0.759236
ERR1582900.ERS1293562,63,2.17339568598618,0.524577603557465,0.743868
ERR1583151.ERS1293813,68,2.59749257874462,0.615591381799883,0.804952
ERR1583030.ERS1293692,132,3.67200974409639,0.752029224677491,0.951898
ERR1582540.ERS1293202,190,4.20770311058968,0.801921823251164,0.956002
ERR1582377.ERS1293039,140,3.97499874722596,0.804388178521236,0.956438
ERR1583307.ERS1293969,59,2.01170758579355,0.493363362928829,0.63084
ERR1583373.ERS1294035,63,2.15270543983059,0.519583740812961,0.673254
ERR1583468.ERS1294130,86,2.93951158686807,0.659919712443718,0.895544
ERR1582564.ERS1293226,155,3.81031333101842,0.75550112129868,0.943872
ERR1582659.ERS1293321,85,2.73448005078492,0.615506348104658,0.818894
ERR1582017.ERS1292679,76,2.63843263741027,0.609234609960037,0.859082
ERR1583108.ERS1293770,72,2.45217546054293,0.573384826474858,0.833122
SRR7189384.SRS3321883,348,5.12567080712574,0.875853291959794,0.985648
ERR1582402.ERS1293064,90,3.38596441988725,0.75246836376498,0.937136
SRR12576073.SRS7312083,206,4.18940244601932,0.786317533159013,0.958906
ERR1582688.ERS1293350,109,3.29216128854554,0.701751686549672,0.914652
ERR1582167.ERS1292829,33,1.31562959367066,0.376269626346487,0.498086
ERR1583356.ERS1294018,82,2.44212178086168,0.554181386158825,0.750708
ERR1582912.ERS1293574,61,2.35844324987229,0.573708493083761,0.78856
ERR1583258.ERS1293920,57,1.55283805151115,0.384075775606686,0.51775
ERR1582328.ERS1292990,123,3.38175826660919,0.702749108694002,0.905834
ERR1582552.ERS1293214,184,4.24953171352319,0.814877097445123,0.972684
ERR1583001.ERS1293663,68,2.72693968461337,0.646269630286066,0.88453
ERR1583385.ERS1294047,68,2.30904999897567,0.547232084952264,0.748132
ERR1582576.ERS1293238,184,4.28250803994788,0.821200536113868,0.966772
SRR10585885.SRS5760925,292,4.6406347339778,0.81748035860275,0.969916
ERR1582414.ERS1293076,89,2.90484378269815,0.647155069696923,0.867064
ERR1582509.ERS1293171,186,4.13935969507378,0.792108755653194,0.95775
ERR1583410.ERS1294072,31,0.790832676840556,0.230295755268874,0.27414
ERR1582924.ERS1293586,82,3.08444566368654,0.699941496296004,0.904938
ERR1583175.ERS1293837,74,3.08246215970553,0.716174614685204,0.9171
ERR1582630.ERS1293292,51,1.76959480276044,0.450069501564927,0.620308
ERR1583013.ERS1293675,125,3.80756089953455,0.788590200781346,0.961332
ERR1583397.ERS1294059,55,2.55743143579536,0.63818787148017,0.855322
ERR1582204.ERS1292866,74,2.44304316605844,0.567612968938561,0.830182
ERR1583200.ERS1293862,47,1.67229105524579,0.434344661098977,0.578208
ERR1583037.ERS1293699,82,2.89290434621029,0.656475755292612,0.873252
ERR1582780.ERS1293442,31,2.0612011673152,0.600235540954567,0.806124
ERR1582389.ERS1293051,56,2.82084089770338,0.700768805914746,0.888406
ERR1582426.ERS1293088,74,3.22318508181799,0.748869966420159,0.935652
ERR1583422.ERS1294084,54,2.63662186186835,0.660975785084747,0.840682
ERR1582899.ERS1293561,86,2.99375993000295,0.672098453688369,0.881744
ERR1582936.ERS1293598,67,2.1558818105263,0.512732322116468,0.72095
ERR1583187.ERS1293849,71,2.71726569454326,0.637454787345958,0.875998
ERR1582348.ERS1293010,187,4.03748352112986,0.771821771798262,0.949122
ERR1582060.ERS1292722,75,2.72379755678363,0.630875519551264,0.86788
ERR1582858.ERS1293520,79,3.02951788759957,0.693341124528832,0.89277
ERR1583146.ERS1293808,60,2.49028017449915,0.608224377956998,0.860364
ERR1583212.ERS1293874,63,2.7020091109787,0.652165398766074,0.883032
ERR1582601.ERS1293263,64,1.83433627835626,0.441064642017883,0.62543
ERR1582792.ERS1293454,41,1.43705191898204,0.38697294496223,0.56324
ERR1582043.ERS1292705,48,2.48620785049437,0.642231659758555,0.853786
ERR1583434.ERS1294096,66,2.73499096058399,0.652796263412662,0.880246
ERR1582907.ERS1293569,91,2.9370996953712,0.651117528960493,0.859514
SRR7189365.SRS3321902,241,4.43958655200168,0.809434990180434,0.975132
ERR1583224.ERS1293886,72,2.70196017521334,0.63179123644915,0.88301
ERR1583319.ERS1293981,54,2.07526230592616,0.52024833433806,0.772544
ERR1582481.ERS1293143,93,3.25088927579551,0.717224030207425,0.919924
ERR1582613.ERS1293275,88,2.90000260136612,0.647707045846648,0.868782
ERR1582708.ERS1293370,26,1.38784544555409,0.425968177848061,0.551672
ERR1582055.ERS1292717,28,2.15443443314128,0.646549281883063,0.827304
ERR1582029.ERS1292691,51,2.02634788557612,0.515370739920651,0.744906
ERR1582440.ERS1293102,82,3.10507471035825,0.704622767217566,0.908278
ERR1582084.ERS1292746,56,2.33545463066634,0.580186480610297,0.80772
ERR1583368.ERS1294030,64,2.48019744782852,0.596361426401279,0.8251
ERR1582950.ERS1293612,77,2.96001832170791,0.681434372455095,0.888968
ERR1582787.ERS1293449,60,2.01394845229179,0.491885434087348,0.66785
SRR7189379.SRS3321888,243,4.41604861459273,0.80393213513868,0.970052
SRR12576068.SRS7312088,211,4.10469777199909,0.766966849573993,0.956048
ERR1582493.ERS1293155,85,3.34973113092727,0.753993716259771,0.94336
ERR1582588.ERS1293250,183,4.1053942697992,0.78806126925973,0.956282
ERR1582746.ERS1293408,66,2.11116491549422,0.503899496614154,0.688722
ERR1582625.ERS1293287,72,2.90818271846631,0.680011634655128,0.88222
ERR1582067.ERS1292729,49,2.35177360722294,0.604286279190399,0.801876
ERR1583158.ERS1293820,45,1.94507174543394,0.510965117254536,0.657922
ERR1582452.ERS1293114,75,2.99107409453011,0.692781083786289,0.918342
ERR1582096.ERS1292758,43,2.29462741571754,0.610078524177227,0.840948
SRR7189372.SRS3321895,250,4.44531477977421,0.805097572164888,0.970166
ERR1582962.ERS1293624,81,3.0556391807256,0.695340661178582,0.909696
ERR1583417.ERS1294079,66,2.70057475457157,0.644581694878604,0.833488
ERR1583339.ERS1294001,33,0.898529482392027,0.25697913320547,0.296678
ERR1582800.ERS1293462,91,3.1520119631583,0.698760836732907,0.909078
ERR1582991.ERS1293653,58,2.30464390055087,0.567584348447912,0.776764
ERR1582121.ERS1292783,36,2.46094043118007,0.686738502975604,0.868788
ERR1582637.ERS1293299,43,1.96777123994478,0.523176427580728,0.745194
ERR1583075.ERS1293737,83,2.41198500088303,0.545841141368016,0.757882
SRR10585904.SRS5760906,205,3.82635510493611,0.71883297606657,0.916392
ERR1583008.ERS1293670,97,3.20069491486416,0.699649645606961,0.921362
ERR1582974.ERS1293636,63,2.19003016712405,0.528592554129046,0.73682
ERR1582680.ERS1293342,101,3.13667794841522,0.679652446121183,0.883528
ERR1582812.ERS1293474,89,3.27275165104811,0.729119354180034,0.918188
ERR1582133.ERS1292795,56,2.37984773759799,0.591214860325251,0.790166
ERR1583250.ERS1293912,49,1.57578055714414,0.404895508127428,0.50581
ERR1583087.ERS1293749,28,1.25383358430252,0.376277500517696,0.484544
ERR1582476.ERS1293138,76,2.57492254529298,0.594569635895138,0.80828
ERR1582283.ERS1292945,114,3.05344421900375,0.64470360612504,0.8941
ERR1583046.ERS1293708,97,2.85234000673502,0.623501685710463,0.843608
ERR1582986.ERS1293648,88,2.9083526500825,0.64957200465193,0.904964
ERR1582945.ERS1293607,34,1.60563056668096,0.455322294890914,0.66037
ERR1582919.ERS1293581,86,2.99242750165809,0.671799323814509,0.884254
ERR1583262.ERS1293924,75,2.73449571023672,0.633353384729294,0.843776
SRR10585911.SRS5760899,255,4.18390458316184,0.755045225527569,0.934988
ERR1582651.ERS1293313,40,2.05040794605095,0.555834900965461,0.788474
ERR1582530.ERS1293192,180,3.94554788744836,0.759788305726436,0.939268
ERR1583291.ERS1293953,65,2.54741218574809,0.610248168424436,0.8609
ERR1582447.ERS1293109,92,3.39292662483499,0.750350567484791,0.94508
ERR1583443.ERS1294105,38,1.85045094155484,0.508702986074158,0.767168
ERR1582513.ERS1293175,163,3.89672552741499,0.765001300377434,0.94067
ERR1582608.ERS1293270,62,2.18632271815623,0.529743525211705,0.723328
ERR1582320.ERS1292982,90,3.47628430011172,0.772540297211411,0.948628
ERR1582957.ERS1293619,96,2.98241066584151,0.653414362956916,0.891066
ERR1582758.ERS1293420,52,2.23895741512698,0.566646244724891,0.772824
ERR1582116.ERS1292778,66,2.47665607556265,0.591136078760695,0.805128
ERR1583112.ERS1293774,64,2.160980823549,0.519606052931715,0.691966
ERR1582501.ERS1293163,182,4.23267340512353,0.813348955841008,0.969764
ERR1582038.ERS1292700,59,1.99766583194264,0.489919678095992,0.732888
ERR1583455.ERS1294117,44,2.3859853320596,0.630514208557007,0.847642
ERR1583429.ERS1294091,49,2.10301637664055,0.540368314966009,0.780982
ERR1582646.ERS1293308,87,2.9211996709078,0.654111010189761,0.86995
ERR1582525.ERS1293187,132,3.23092017133685,0.661693884487017,0.890986
SRR10585896.SRS5760914,272,4.64023918712155,0.827756515882046,0.973292
ERR1583245.ERS1293907,66,2.05246188604672,0.489888072508333,0.664708
ERR1583124.ERS1293786,79,2.92512716147439,0.669450067889662,0.902712
ERR1583219.ERS1293881,49,2.04241598176502,0.524797093729266,0.758278
ERR1582315.ERS1292977,69,2.81317791673592,0.66440886965915,0.873344
ERR1582381.ERS1293043,92,3.70628697045447,0.819650655332769,0.962804
ERR1582700.ERS1293362,70,2.01602297260195,0.474526357626206,0.644876
ERR1583467.ERS1294129,80,2.91003651357999,0.664084624806614,0.892496
ERR1582891.ERS1293553,63,2.36213446219103,0.570132186902919,0.767052
ERR1582537.ERS1293199,189,4.1683513393713,0.795221770031163,0.966166
ERR1583107.ERS1293769,73,2.64293815912969,0.61600352954794,0.85917
ERR1582303.ERS1292965,70,2.87810360465211,0.677440703279167,0.899878
ERR1582687.ERS1293349,83,2.71855894471114,0.6152199606192,0.837306
ERR1583257.ERS1293919,45,1.61078234574787,0.423148190856567,0.575594
ERR1582327.ERS1292989,64,2.91353346944813,0.700556714639473,0.906092
ERR1582393.ERS1293055,88,3.56352272064995,0.795902311643544,0.954738
ERR1582488.ERS1293150,76,3.40044424201194,0.785189014151381,0.94903
ERR1582712.ERS1293374,47,1.96656702668629,0.510777048083256,0.767914
ERR1583058.ERS1293720,137,3.76111571115004,0.764457376532811,0.958472
ERR1582998.ERS1293660,103,3.35762877462547,0.724449861718454,0.927174
ERR1582352.ERS1293014,169,4.14389679363297,0.807793101563237,0.963038
ERR1582862.ERS1293524,70,2.25750643746168,0.531366121142863,0.755182
ERR1582376.ERS1293038,157,4.11926049136656,0.81468754683749,0.968732
ERR1582142.ERS1292804,38,1.25566218009567,0.345191048392958,0.484714
ERR1582021.ERS1292683,63,2.88868743913088,0.697222665903211,0.900772
ERR1582724.ERS1293386,87,2.726747858007,0.610569627847263,0.83162
ERR1582364.ERS1293026,165,3.7363698446579,0.731768457723772,0.917804
ERR1582459.ERS1293121,80,3.207339120305,0.731930539838834,0.926058
ERR1583360.ERS1294022,72,2.30668037055312,0.539364146360768,0.74441
ERR1582430.ERS1293092,67,3.01372725530685,0.716753286889108,0.91341
ERR1582874.ERS1293536,70,2.79716922514202,0.658390574963371,0.8775
ERR1582969.ERS1293631,72,2.79497163429211,0.65353982670388,0.86913
ERR1583516.ERS1294178,55,2.52441598067001,0.629949111786562,0.863166
ERR1583191.ERS1293853,31,1.10169980823191,0.320822339347385,0.41988
ERR1583323.ERS1293985,28,0.766087219822055,0.229904022241953,0.26301
ERR1582154.ERS1292816,63,2.56305944524469,0.618628071377489,0.830292
ERR1582249.ERS1292911,104,2.78021745251692,0.598618314627847,0.879364
ERR1582033.ERS1292695,48,2.06475633222378,0.533363244741337,0.783748
ERR1582128.ERS1292790,65,2.48026102248419,0.594161696585042,0.802116
ERR1583343.ERS1294005,69,2.40101312216003,0.567064885957187,0.764122
ERR1583150.ERS1293812,85,2.68585081422289,0.604560353527434,0.811466
ERR1583306.ERS1293968,65,2.05053838612989,0.491219010971436,0.633484
ERR1583372.ERS1294034,74,2.64122607950888,0.613658488501766,0.811214
ERR1582563.ERS1293225,182,3.9428026820285,0.757647504915728,0.94354
ERR1582658.ERS1293320,74,2.72623856506082,0.633410161329893,0.87045
ERR1582886.ERS1293548,64,2.35177933820371,0.565483398081936,0.792934
ERR1582016.ERS1292678,61,2.28630453579238,0.556160225619609,0.789268
ERR1583012.ERS1293674,122,3.5899454142183,0.74727928557974,0.945534
ERR1583298.ERS1293960,92,2.88813154018694,0.638714413771145,0.850514
SRR7189383.SRS3321885,192,3.87187626089161,0.736448819620787,0.936832
ERR1582401.ERS1293063,121,3.60635583128748,0.751983598324296,0.92347
SRR12576072.SRS7312084,160,3.71753736121068,0.732494589653656,0.939594
ERR1582592.ERS1293254,177,4.16175616362407,0.804025458814277,0.961198
ERR1582166.ERS1292828,38,1.31516929065355,0.361550004014881,0.484372
ERR1582911.ERS1293573,90,3.29910123871077,0.733164618153423,0.92566
ERR1583162.ERS1293824,82,2.90958433126824,0.660260880716316,0.877864
ERR1583000.ERS1293662,82,2.36951016050903,0.537703907953758,0.740284
ERR1583384.ERS1294046,78,2.42798591875894,0.557298184327784,0.768714
ERR1583479.ERS1294141,84,2.99972840889146,0.677014768399938,0.894
ERR1582575.ERS1293237,186,4.29138721497306,0.82120077434289,0.9648
ERR1582707.ERS1293369,90,3.20032763439604,0.711213999893721,0.908344
ERR1583145.ERS1293807,54,2.43216689235137,0.609720887313702,0.856864
ERR1583024.ERS1293686,70,2.84988322790602,0.670798262805942,0.89745
ERR1583119.ERS1293781,50,2.51188457216389,0.642093507292394,0.85642
SRR10585884.SRS5760926,317,4.91277284657034,0.853074603365345,0.980358
ERR1582413.ERS1293075,95,3.03344501284793,0.666123631590263,0.879704
ERR1582508.ERS1293170,186,4.42481382468747,0.846733318885391,0.979186
ERR1582220.ERS1292882,41,1.70886218656147,0.460166695533673,0.631296
ERR1582699.ERS1293361,105,3.13206330780301,0.67298882503307,0.880432
ERR1583367.ERS1294029,67,2.34814737366931,0.558458747457603,0.764092
ERR1582923.ERS1293585,54,2.51750898140267,0.631115329621587,0.83581
ERR1583269.ERS1293931,60,2.62837146699199,0.641951703636175,0.883072
ERR1582750.ERS1293412,56,2.25200374101038,0.55945515175572,0.755932
ERR1583396.ERS1294058,70,2.25589690158548,0.530987272683704,0.728826
ERR1582587.ERS1293249,179,4.13151910764343,0.796454950968083,0.953726
ERR1582388.ERS1293050,158,3.92826784975015,0.775939577256963,0.93779
ERR1582546.ERS1293208,179,4.3126639711139,0.83137521143271,0.97336
ERR1582425.ERS1293087,76,3.41683135761274,0.788972926554474,0.946838
ERR1583421.ERS1294083,58,2.56044443369995,0.630582531770439,0.810482
ERR1582898.ERS1293560,54,2.27358406251243,0.569965694515795,0.826658
ERR1582935.ERS1293597,69,2.14510844138581,0.506625999855393,0.727894
ERR1583186.ERS1293848,82,2.87294868791943,0.651947293829301,0.889622
ERR1582762.ERS1293424,54,1.83853420659777,0.460902872795721,0.691684
ERR1582215.ERS1292877,61,1.8613622552779,0.452789921748721,0.641068
ERR1583211.ERS1293873,78,2.98548925437173,0.685262516531368,0.898284
ERR1582042.ERS1292704,51,2.44305303719841,0.621353352209987,0.838758
ERR1582437.ERS1293099,89,3.48766482949617,0.776998745769263,0.951644
ERR1583433.ERS1294095,71,2.7040797114608,0.634361432118068,0.86897
ERR1583007.ERS1293669,98,3.15714077112102,0.688585204978694,0.911206
ERR1582071.ERS1292733,49,1.60678383442628,0.412861774529089,0.546826
ERR1582906.ERS1293568,64,2.62741645992286,0.631760116180126,0.85277
ERR1582227.ERS1292889,48,1.99867852251645,0.516294172502219,0.771734
SRR7189364.SRS3321903,342,5.11546004388794,0.876713962870233,0.986678
ERR1583318.ERS1293980,59,2.09736609632799,0.514370775297897,0.769834
ERR1582480.ERS1293142,96,3.50597931331895,0.768122668615137,0.93438
ERR1582612.ERS1293274,98,2.85941881538798,0.62365083911502,0.848392
ERR1582054.ERS1292716,42,2.03462366887657,0.544356210330605,0.789442
ERR1582149.ERS1292811,70,2.46315666262506,0.579771547875596,0.82802
ERR1582028.ERS1292690,68,2.38587309991616,0.56543873518453,0.80078
ERR1582083.ERS1292745,59,2.39506333775476,0.587379851369464,0.816292
ERR1582178.ERS1292840,44,2.19556750010693,0.580194893096193,0.838118
ERR1583404.ERS1294066,62,2.33786392648626,0.566461788828018,0.791186
ERR1582786.ERS1293448,65,2.11192671881629,0.505924961501976,0.690322
ERR4650591.ERS5129645,115,2.6581067292975,0.560199104515833,0.838514
SRR7189378.SRS3321889,229,4.08268245552174,0.751360200770526,0.943344
ERR1583235.ERS1293897,83,2.76398059649564,0.625499048691387,0.880498
SRR12576067.SRS7312089,183,3.9083375265245,0.750234747124295,0.95434
ERR1582492.ERS1293154,76,3.0918565524601,0.713933717344896,0.902186
ERR1582066.ERS1292728,24,1.86855857637321,0.587956867983143,0.755842
SRR5312084.SRS2022590,459,5.75386082433155,0.938785068995985,0.994936
ERR1582451.ERS1293113,102,3.48864034534714,0.754305049172775,0.946414
ERR1582095.ERS1292757,42,2.2297969845302,0.596574125659158,0.829718
SRR7189371.SRS3321896,261,4.59532631149276,0.825826122489457,0.974372
ERR1583416.ERS1294078,27,1.50330695258483,0.456122985967855,0.66826
ERR1582282.ERS1292944,115,3.05580636200044,0.644014767615766,0.895446
ERR1583338.ERS1294000,66,2.1564089544986,0.514698486457049,0.655654
ERR1583050.ERS1293712,130,3.81898216608422,0.784582462631934,0.96141
ERR1582408.ERS1293070,62,2.51363716142513,0.609051445122176,0.80979
ERR1582120.ERS1292782,59,2.69454023417909,0.660825380820561,0.87511
ERR1582599.ERS1293261,57,2.29180813723525,0.566851119467187,0.7808
ERR1582636.ERS1293298,50,1.8705776147224,0.478161200004927,0.66167
ERR1582918.ERS1293580,102,3.02723943716447,0.654542104219372,0.87375
ERR1583074.ERS1293736,90,2.36755521579544,0.526145634871191,0.737348
ERR1583169.ERS1293831,46,1.634213997926,0.42683913918514,0.58024
ERR1583206.ERS1293868,73,2.76487462598679,0.644423904691833,0.88258
ERR1582463.ERS1293125,94,3.27648852794649,0.72117013862557,0.920966
ERR1582558.ERS1293220,170,4.0825509597063,0.794920402298947,0.960932
SRR10585903.SRS5760907,272,4.35575639268279,0.777008595945814,0.951276
ERR1582973.ERS1293635,64,2.79032565662114,0.67093149787876,0.891166
ERR1583198.ERS1293860,71,2.88565249703255,0.676957355529933,0.873326
ERR1582811.ERS1293473,84,3.16584530368113,0.714506026181807,0.926294
ERR1582132.ERS1292794,48,2.53805219617318,0.655623975355891,0.887232
ERR2642608.ERS2553548,22,1.61280258945968,0.521766560568401,0.63402
ERR1582985.ERS1293647,85,3.13253462687472,0.705104777760433,0.912072
ERR1582500.ERS1293162,182,4.25931675643603,0.818468732373705,0.971808
ERR1583261.ERS1293923,58,2.25101191401869,0.554375940795624,0.763636
ERR1582650.ERS1293312,73,2.23661525340367,0.521299707894458,0.706562
ERR1582103.ERS1292765,34,2.33925195296394,0.663361541349651,0.859112
ERR1583483.ERS1294145,63,2.46594719438956,0.595188753742816,0.840008
ERR1583290.ERS1293952,52,2.04582532516384,0.517767434983314,0.704564
ERR1582997.ERS1293659,135,3.66142345386798,0.74642575987019,0.95309
ERR1582127.ERS1292789,63,2.59297032415646,0.625847454981221,0.848598
ERR1582446.ERS1293108,85,3.34135869387686,0.752109157565638,0.942198
ERR1582798.ERS1293460,63,2.72269444559583,0.657158076046241,0.882546
ERR1582956.ERS1293618,95,3.09168848718408,0.678913497395282,0.908456
SRR7189394.SRS3321873,277,4.64650071657354,0.826188878583971,0.968332
ERR1583273.ERS1293935,72,1.94352769075547,0.454449245432941,0.58042
ERR1582662.ERS1293324,100,2.90523520823386,0.630863809783506,0.856572
ERR1582115.ERS1292777,43,1.55435339772295,0.413259956905092,0.561008
ERR1583111.ERS1293773,65,2.50438117075755,0.599939825616649,0.84889
ERR1583495.ERS1294157,96,3.29184215677866,0.721207501858014,0.907942
ERR1583454.ERS1294116,36,1.19685283349064,0.333988142394548,0.394058
ERR1583428.ERS1294090,41,2.01613312136076,0.542909383511715,0.738226
ERR1582645.ERS1293307,56,2.05003817574064,0.509281755544258,0.727224
ERR1582524.ERS1293186,174,4.07221776138995,0.789334001131942,0.949196
ERR1582619.ERS1293281,104,3.42169818775323,0.736737768646005,0.940426
SRR10585895.SRS5760915,281,4.56412676457014,0.809478479492219,0.968606
ERR1583285.ERS1293947,79,2.5356347260147,0.580310101328492,0.801072
ERR1582674.ERS1293336,34,1.5824311824145,0.448743448484111,0.643456
ERR1583244.ERS1293906,56,2.04904638982326,0.509035370633426,0.678774
ERR1583123.ERS1293785,81,3.05799615814012,0.695877014503325,0.919704
ERR1583218.ERS1293880,45,2.4864496332451,0.653183632624893,0.844766
ERR1582314.ERS1292976,75,2.81880734825365,0.652881322224385,0.868332
ERR1582380.ERS1293042,146,3.82043790265245,0.766601016623346,0.929944
ERR1582049.ERS1292711,32,1.40495894834034,0.405385461484635,0.540212
ERR1582890.ERS1293552,59,2.35310824527846,0.577090530166782,0.823324
ERR1582657.ERS1293319,61,2.47620137632965,0.602354014777734,0.842174
ERR1582536.ERS1293198,101,3.42346884768285,0.74179403012123,0.938834
ERR1583297.ERS1293959,64,2.11943487487826,0.509616363912331,0.702512
ERR1582170.ERS1292832,81,2.69165381597312,0.612512221949638,0.832646
ERR1582302.ERS1292964,65,2.93299652885861,0.702617255952856,0.90591
ERR1583098.ERS1293760,55,2.02565360354594,0.505486693996579,0.68521
ERR1583256.ERS1293918,75,2.89757312545123,0.671124748755343,0.887168
ERR1582326.ERS1292988,78,3.02669232625932,0.69471990134331,0.911692
ERR1582392.ERS1293054,163,3.91693604745827,0.768969009677368,0.946168
ERR1582507.ERS1293169,176,4.27119156988198,0.826071906224025,0.974736
ERR1582141.ERS1292803,49,2.47016949008353,0.634708003163129,0.82851
ERR1582020.ERS1292682,59,2.15524960063058,0.52856647677186,0.743234
ERR1582939.ERS1293601,93,3.27706156852839,0.722998264787915,0.92231
ERR1582723.ERS1293385,49,1.69939799577451,0.436658906527498,0.66492
ERR1583069.ERS1293731,142,3.48195418857872,0.702598001929484,0.926886
ERR1582550.ERS1293212,159,4.14621417837303,0.817970514525989,0.97134
ERR1582873.ERS1293535,70,2.89912378790437,0.682388380528327,0.901744
ERR1582387.ERS1293049,68,3.25639145267248,0.771746772420354,0.945364
ERR1583515.ERS1294177,46,2.47001628710379,0.645141717730163,0.863038
ERR1583190.ERS1293852,45,2.21142082924926,0.580934305363827,0.813746
ERR1583322.ERS1293984,33,0.871562262040156,0.249266517151363,0.29478
ERR1582897.ERS1293559,56,2.17623460499074,0.54063216637682,0.798696
ERR1582248.ERS1292910,100,2.68069098723339,0.582104651721621,0.869122
ERR1582032.ERS1292694,52,2.07245128639432,0.524506062900714,0.727734
ERR1582735.ERS1293397,48,1.73004187743797,0.446900554262933,0.679334
SRR7189389.SRS3321878,246,4.49893462985586,0.817195949143494,0.971926
ERR1582177.ERS1292839,60,2.07768706652944,0.507452910949396,0.79816
ERR1583305.ERS1293967,77,2.52576909173461,0.581464602218935,0.79041
ERR1583371.ERS1294033,85,2.73227065224262,0.615009032782174,0.814904
ERR1582562.ERS1293224,142,3.8366209585016,0.774163608598283,0.955284
ERR1583011.ERS1293673,124,3.5753714185776,0.741734973344616,0.94691
SRR7189382.SRS3321884,266,4.62498168738229,0.828330750413167,0.977438
ERR1583334.ERS1293996,49,1.50988659856521,0.38796411008448,0.491068
ERR1582400.ERS1293062,138,3.87811066379818,0.787073471674606,0.944244
ERR1582591.ERS1293253,187,4.36706297795546,0.834825521283351,0.973386
ERR1582165.ERS1292827,31,1.30440159764478,0.379850453706144,0.52303
ERR1583354.ERS1294016,50,2.01335981925018,0.51465950390796,0.692374
ERR1583449.ERS1294111,40,2.33381113749161,0.632661263812478,0.845076
ERR1582910.ERS1293572,75,2.48104195831924,0.574649401011808,0.769108
ERR1583317.ERS1293979,45,1.47682801044955,0.38795874717505,0.494468
ERR1583478.ERS1294140,76,2.30670003457463,0.532634972723145,0.73746
ERR1582574.ERS1293236,189,4.05584796559142,0.773758816276118,0.94843
ERR1582669.ERS1293331,64,2.08639928295148,0.501672983138066,0.690532
ERR1582706.ERS1293368,57,2.34829594596671,0.580822698106534,0.769428
ERR1582027.ERS1292689,91,2.71916744066209,0.602804728618503,0.846542
ERR1583023.ERS1293685,136,3.76567697745536,0.766525853136773,0.959846
ERR1583118.ERS1293780,49,2.50337232402508,0.643239443825399,0.857506
SRR10585883.SRS5760927,158,3.21656191216163,0.63535832733562,0.876906
ERR1582412.ERS1293074,58,3.45191229140011,0.850131939405199,0.951092
ERR1582698.ERS1293360,60,1.91867213167917,0.468615208739993,0.659844
ERR1583366.ERS1294028,74,2.23481554933259,0.519233678147948,0.728816
ERR1582922.ERS1293584,58,2.56671860280089,0.632127725012814,0.86092
ERR1583173.ERS1293835,58,2.56099472843241,0.63071805755692,0.87787
ERR1583268.ERS1293930,62,2.66788596684982,0.646425756456359,0.88786
ERR1583395.ERS1294057,71,2.21443341606963,0.519493248366248,0.730224
ERR1582586.ERS1293248,174,4.19631352897001,0.813387972330691,0.960764
ERR1583156.ERS1293818,72,2.62521664123157,0.61384652628332,0.881074
ERR1583035.ERS1293697,65,1.70567752657041,0.408605482982189,0.604922
ERR1582545.ERS1293207,167,4.05570098541242,0.792439603106375,0.956386
ERR1582424.ERS1293086,117,3.73822432201804,0.784982735448279,0.958456
ERR1583185.ERS1293847,49,2.10404634909234,0.540632965533841,0.768316
SRR7189359.SRS3321928,303,4.88802611060642,0.855487345486863,0.984048
ERR1582761.ERS1293423,57,1.68133136552766,0.415857048092337,0.552848
ERR1582407.ERS1293069,87,3.30881282077203,0.740904813278795,0.936468
ERR1582214.ERS1292876,51,1.77266321081782,0.450849904447457,0.628866
ERR1583210.ERS1293872,48,2.47230614431479,0.638640602063434,0.829268
ERR1582917.ERS1293579,58,2.68986369724557,0.662455719796838,0.89448
ERR1582790.ERS1293452,35,1.64388921249676,0.462370823915367,0.67642
ERR1582399.ERS1293061,82,3.28181986784575,0.744730872038908,0.937094
ERR1582436.ERS1293098,84,3.50594103875252,0.791262920116166,0.955596
ERR1583432.ERS1294094,40,1.98089069252676,0.536989814160941,0.774778
ERR1583006.ERS1293668,133,3.5949584380483,0.735112840370052,0.947714
ERR1582358.ERS1293020,176,4.11763618232281,0.796373450971765,0.956666
ERR1582070.ERS1292732,77,2.27547904490512,0.523844607186406,0.712994
ERR1582773.ERS1293435,34,1.68233870956751,0.477075074378741,0.655974
ERR1582868.ERS1293530,80,2.90419850543969,0.662752362676095,0.891318
ERR1582905.ERS1293567,86,3.06167903552301,0.687346278117592,0.892154
ERR1582094.ERS1292756,45,1.93069684506433,0.507188869581347,0.728358
ERR1582189.ERS1292851,111,2.31916994477233,0.492441888179436,0.675228
ERR1582226.ERS1292888,60,2.08002197701851,0.508023187938445,0.783858
SRR7189363.SRS3321904,251,4.45774189753448,0.806764974137112,0.969688
ERR1583222.ERS1293884,76,2.82793791185025,0.652992851243821,0.88639
ERR1582148.ERS1292810,40,1.39899833182379,0.379247505706261,0.546918
ERR1582082.ERS1292744,30,1.10413473545304,0.324631184713383,0.424906
ERR1583403.ERS1294065,77,2.3917839142533,0.550619487286478,0.708328
ERR1582785.ERS1293447,32,1.76180434179945,0.508349277386141,0.688464
ERR4650590.ERS5129644,195,3.72962639862895,0.707306412072755,0.930022
ERR1583427.ERS1294089,41,2.03124658539035,0.546979175011143,0.746264
ERR1583234.ERS1293896,38,2.16023123326504,0.593863935700571,0.801134
ERR1583329.ERS1293991,69,2.56581876223795,0.605988243198904,0.851188
ERR1582491.ERS1293153,94,3.50179940084893,0.770762094177674,0.943494
ERR1582744.ERS1293406,17,1.18442255972794,0.418049195699552,0.497464
ERR1582623.ERS1293285,53,2.45685602196379,0.61880992014154,0.854064
ERR1582718.ERS1293380,53,1.56211111163349,0.393449939109365,0.515616
ERR1582065.ERS1292727,35,1.71077179872486,0.481182649106985,0.70294
ERR1582450.ERS1293112,87,3.39420888067735,0.760026581491762,0.941968
SRR7189370.SRS3321897,282,4.69589569702245,0.83232418364552,0.976024
ERR1583378.ERS1294040,84,2.54621621780688,0.574660685242411,0.755434
ERR1582960.ERS1293622,28,2.06952808797299,0.62106874942804,0.826628
ERR1583415.ERS1294077,35,1.64314421224364,0.462161280365697,0.689278
ERR1583090.ERS1293752,44,1.96305834094749,0.518752634210587,0.73418
ERR1582240.ERS1292902,58,2.45274471187823,0.604058400895561,0.829116
ERR1582598.ERS1293260,66,2.27058741022279,0.541950960170185,0.800062
ERR1582756.ERS1293418,84,2.47132697782518,0.55775878128618,0.778306
ERR1582077.ERS1292739,28,0.998332496944338,0.299601208117879,0.395726
ERR1583073.ERS1293735,119,3.65628725187079,0.765053938685795,0.952502
ERR1583168.ERS1293830,66,2.67816275021836,0.6392323270349,0.883644
ERR1583205.ERS1293867,66,2.73887990634567,0.653724489245371,0.882758
ERR1582462.ERS1293124,118,3.74853745622002,0.78574413345126,0.95612
SRR10585902.SRS5760908,204,3.72441857400251,0.700326163816079,0.928504
ERR1583349.ERS1294011,47,1.24894525487502,0.324388928445314,0.413966
ERR1582810.ERS1293472,76,3.12067576236214,0.720588296982473,0.92714
ERR1582445.ERS1293107,86,3.02399845402973,0.678886995761013,0.875932
ERR1582419.ERS1293081,87,3.39082418002046,0.759268683978657,0.947196
ERR1582252.ERS1292914,75,2.70784563452759,0.62718079663911,0.891284
ERR1582131.ERS1292793,61,2.53163216378094,0.61583795743391,0.850136
ERR1582834.ERS1293496,82,3.10072919427753,0.703636655818838,0.903822
ERR1582929.ERS1293591,36,1.64633520646363,0.459418586796396,0.664214
ERR1583085.ERS1293747,63,2.45246492182298,0.591934630124606,0.821818
ERR1583217.ERS1293879,47,2.38402470036678,0.619203455812424,0.821612
ERR1582569.ERS1293231,11,0.180693573001578,0.0753550728638396,0.05506
ERR1583044.ERS1293706,61,1.98048523691659,0.481767454403483,0.647972
ERR1583139.ERS1293801,43,1.57662260384454,0.419180728317565,0.577798
ERR1582943.ERS1293605,64,2.45318100341863,0.589865344672512,0.823206
ERR1582457.ERS1293119,111,3.59701994072413,0.763774683878618,0.949052
ERR1582264.ERS1292926,69,2.61188941831363,0.616869088077431,0.85518
ERR1583260.ERS1293922,71,2.31524943866267,0.543144103110475,0.766508
SRR7189377.SRS3321890,246,4.34461399565985,0.789164824552943,0.956046
SRR12576066.SRS7312090,224,4.08305917109761,0.754494867545521,0.93444
ERR1582967.ERS1293629,30,1.95810581579066,0.575710726565871,0.80618
ERR1583097.ERS1293759,51,1.99181263854301,0.506587225528336,0.695368
ERR1582102.ERS1292764,46,2.29950271993188,0.600605405886418,0.854538
ERR1582486.ERS1293148,85,3.34674647084754,0.753321896684608,0.941328
ERR1583056.ERS1293718,76,2.27144530379511,0.524494381278375,0.736536
ERR1582996.ERS1293658,127,3.65641465619204,0.754804591757646,0.955478
ERR1582126.ERS1292788,60,2.55315764145291,0.623581528777648,0.845122
ERR1583441.ERS1294103,91,3.18740432255905,0.706606871252408,0.892188
ERR1582955.ERS1293617,91,3.08506611079406,0.683919795404193,0.873982
SRR7189393.SRS3321874,278,4.46672909156336,0.793715319728417,0.957808
ERR1582276.ERS1292938,74,2.28696038642048,0.531348931044616,0.817334
ERR1583272.ERS1293934,75,1.98655699677579,0.460118695068895,0.595126
ERR1582661.ERS1293323,48,2.23172760669685,0.576494891484194,0.787436
ERR1582114.ERS1292776,39,1.54397304890603,0.421440444584073,0.567726
ERR1583110.ERS1293772,66,2.52533154806361,0.602754093966744,0.85221
ERR1583453.ERS1294115,43,1.39365810082454,0.370535482812925,0.457888
ERR1582644.ERS1293306,82,2.30824575031158,0.523801408892696,0.743912
ERR1582618.ERS1293280,53,2.51859226461726,0.634359467630162,0.87562
ERR1582330.ERS1292992,63,2.65435901821282,0.640664422835372,0.82671
SRR10585894.SRS5760916,304,4.83640856863591,0.845965564841726,0.974876
ERR1583477.ERS1294139,74,2.42965852291665,0.56450320111397,0.762186
ERR1582673.ERS1293335,87,2.95926671463063,0.662634930232767,0.873294
ERR1582089.ERS1292751,37,2.06388125807417,0.571566927857082,0.78327
SRR7189358.SRS3321908,259,4.26394585399565,0.76733449490455,0.940286
ERR1583243.ERS1293905,74,2.36215687172222,0.548819969161689,0.76378
ERR1583122.ERS1293784,71,2.66547088986754,0.62530402628255,0.864422
ERR1582048.ERS1292710,32,1.45620417679395,0.420171708876486,0.547406
SRR10585909.SRS5760901,231,3.93504932059315,0.723033315319686,0.923748
ERR1582656.ERS1293318,90,2.50564519094197,0.556833593976892,0.76764
ERR1582535.ERS1293197,97,3.38333263626383,0.739572981148349,0.93581
ERR1583105.ERS1293767,38,1.51027507467357,0.415186062503374,0.554408
ERR1582362.ERS1293024,161,3.65393482248814,0.719079718919262,0.926298
ERR1582685.ERS1293347,41,1.57606801505965,0.424407547975329,0.60362
ERR1583255.ERS1293917,44,1.4600070516473,0.38581762355698,0.49265
ERR1583229.ERS1293891,32,1.22251161947445,0.352742290168985,0.479728
ERR1582391.ERS1293053,43,3.09252029664379,0.822216367520644,0.937438
ERR1582710.ERS1293372,136,3.63654184279192,0.740239631599334,0.940296
ERR1582350.ERS1293012,174,3.99331275599449,0.7740395332848,0.947326
ERR1582860.ERS1293522,66,2.65810530253686,0.634444952199381,0.858054
ERR1582469.ERS1293131,104,3.09895052531526,0.667245843989613,0.85658
ERR1582506.ERS1293168,172,4.30590844968162,0.836505695941453,0.976682
ERR1583039.ERS1293701,89,2.69643813031494,0.600725456064478,0.843714
ERR1582884.ERS1293546,61,3.01714009429335,0.733941296663962,0.926892
ERR1583267.ERS1293929,90,2.76152270103071,0.613697667978927,0.842898
ERR1582140.ERS1292802,59,2.47138192941938,0.606096685418084,0.817196
ERR1582498.ERS1293160,79,3.1826871571523,0.728395729761446,0.933202
ERR1583333.ERS1293995,54,1.65957275287315,0.416038954656274,0.543238
ERR1582938.ERS1293600,76,3.05898484158636,0.706343383724502,0.883656
ERR1582722.ERS1293384,45,1.70802273467009,0.448692979548376,0.675768
ERR1582872.ERS1293534,78,2.95442171869071,0.678131552099983,0.904344
ERR1582386.ERS1293048,60,3.10644068041614,0.758715011208094,0.91433
ERR1583321.ERS1293983,35,1.46078399719851,0.410869476612243,0.533954
ERR1582896.ERS1293558,90,3.18915053770524,0.708730095571169,0.904744
ERR1582734.ERS1293396,49,1.8052250077562,0.463851069545165,0.692324
SRR7189388.SRS3321879,287,4.83690061667602,0.854654265580514,0.979276
ERR1582176.ERS1292838,60,2.05129646095363,0.501007286949084,0.797672
ERR1583304.ERS1293966,75,2.62920366813554,0.608966046690989,0.821532
ERR1583370.ERS1294032,71,2.26055665282864,0.530313492459038,0.734774
ERR1582561.ERS1293223,180,4.16624485749692,0.80228759397119,0.966484
ERR1582109.ERS1292771,89,2.23278300731098,0.497430137662103,0.706646
ERR1583010.ERS1293672,86,2.92548653333682,0.656771090973847,0.854116
ERR1583489.ERS1294151,76,2.68275135279489,0.619468145923183,0.844668
SRR7189381.SRS3321886,207,4.01037436490982,0.752031847239813,0.955854
SRR12576070.SRS7312086,169,3.75936312835387,0.732833792101535,0.940984
ERR1582590.ERS1293252,203,4.34965064307817,0.818648977704909,0.973164
ERR1582164.ERS1292826,31,1.37570891922195,0.400615621812781,0.541504
ERR1583448.ERS1294110,55,2.61276961916149,0.651997100912367,0.87354
ERR1583316.ERS1293978,42,1.42865206629767,0.382230697788057,0.479326
ERR1583382.ERS1294044,59,1.85710538823517,0.455447782830493,0.605484
ERR1582668.ERS1293330,47,2.01011860660738,0.52208871309624,0.760302
ERR1582705.ERS1293367,87,3.16738578740074,0.709236666596482,0.91561
ERR1582147.ERS1292809,42,1.45185326974593,0.388438095931212,0.573064
ERR1582026.ERS1292688,70,2.72215916943848,0.640734898911027,0.889908
ERR1583022.ERS1293684,120,3.62191326970161,0.756536713648072,0.952528
SRR10585882.SRS5760928,167,3.38221477178825,0.66084776491575,0.88161
ERR1582411.ERS1293073,141,3.72978675027147,0.753681090392618,0.950756
ERR1583365.ERS1294027,33,1.44143886236909,0.412251035362993,0.502764
ERR1582921.ERS1293583,60,2.56328281078479,0.626054493418999,0.866448
ERR1583172.ERS1293834,47,1.7707495979474,0.459917328146307,0.601866
ERR1582904.ERS1293566,114,3.41754207568073,0.721579155290512,0.935056
ERR1583155.ERS1293817,42,2.01973762070911,0.54037350193534,0.74578
ERR1583129.ERS1293791,79,2.60672718569322,0.596580454489563,0.838428
ERR1582639.ERS1293301,47,2.01726563521889,0.523945012997142,0.69965
ERR1582423.ERS1293085,138,3.84992393731935,0.781352896222253,0.957964
ERR1582518.ERS1293180,192,4.27562447927248,0.813243603032102,0.96063
ERR1583377.ERS1294039,39,1.16265461366407,0.317356366827442,0.377196
ERR1582933.ERS1293595,80,2.85125092682444,0.650669465188367,0.887578
ERR1583184.ERS1293846,56,2.44485659360058,0.607364717778008,0.821594
ERR1583279.ERS1293941,63,2.58403043465461,0.623689695194916,0.860788
ERR1582760.ERS1293422,59,1.80670736956518,0.443087867228657,0.603236
ERR1582406.ERS1293068,74,3.18519279226076,0.740042895097001,0.930196
ERR1582308.ERS1292970,76,3.19761287163762,0.738353673705111,0.935146
ERR1582597.ERS1293259,63,2.29931317601933,0.554969444119893,0.815332
ERR1582916.ERS1293578,104,3.20388511934251,0.68983967734818,0.904576
ERR1583167.ERS1293829,76,2.80483503387803,0.647658217093686,0.895314
ERR1582040.ERS1292702,53,1.84578312733431,0.464898593736633,0.656204
ERR1582398.ERS1293060,145,4.0162298849643,0.807001156346953,0.961162
ERR1582556.ERS1293218,164,3.93572295261936,0.771730594971384,0.952442
ERR1582435.ERS1293097,99,3.22236019499663,0.701257050978169,0.89723
ERR1583431.ERS1294093,35,1.94535106585726,0.547161918386778,0.76297
ERR1583005.ERS1293667,121,3.63132467827467,0.757190007309383,0.949064
ERR1583196.ERS1293858,77,2.93470511614416,0.675606946245718,0.892244
ERR1582772.ERS1293434,31,1.78917094209773,0.521018523237617,0.690088
SRR10585889.SRS5760921,160,3.48793169399982,0.687253643122589,0.921214
ERR1582093.ERS1292755,58,2.07017072953904,0.509838636858606,0.752434
ERR1582188.ERS1292850,98,2.3414092514568,0.510670852595819,0.70403
ERR1582225.ERS1292887,40,1.77354173418364,0.480780615426654,0.686138
SRR7189362.SRS3321905,418,5.43456010197763,0.900435228363257,0.988908
ERR1583221.ERS1293883,33,1.42202608721682,0.406698988124141,0.591118
ERR1582610.ERS1293272,47,1.53359021982203,0.398319851202816,0.644694
ERR1582052.ERS1292714,67,2.53132401916766,0.602023559937257,0.84162
ERR1583017.ERS1293679,107,3.34961256268828,0.716827575190651,0.925604
ERR1582369.ERS1293031,165,3.96814722097965,0.777162083156416,0.94897
ERR1582081.ERS1292743,29,0.948087694454975,0.281557588736949,0.392728
ERR1583402.ERS1294064,66,2.40137425164438,0.57316757573272,0.711138
ERR1582784.ERS1293446,29,1.77056456108552,0.525812001820058,0.7031
ERR1582490.ERS1293152,92,3.56095138239053,0.787509482523051,0.9475
ERR1582622.ERS1293284,90,2.26294119502424,0.502897091391456,0.686268
ERR1582064.ERS1292726,58,2.27060135445442,0.559200399699456,0.771586
ERR1582159.ERS1292821,45,2.13021105622313,0.559600716361816,0.774182
ERR1583060.ERS1293722,88,3.02997110989008,0.6767351297075,0.899234
ERR1582605.ERS1293267,52,1.68735018538145,0.42704280109232,0.692534
ERR1582280.ERS1292942,64,2.18587466487972,0.525591756504466,0.711054
ERR1582796.ERS1293458,58,2.0126862838359,0.495681451163885,0.678394
ERR1582634.ERS1293296,49,1.97166588120465,0.506617914029032,0.693306
ERR1582076.ERS1292738,36,1.10205272343921,0.307533667985583,0.41255
ERR1582461.ERS1293123,117,3.68747208427073,0.774325367942978,0.954024
SRR10585901.SRS5760909,252,4.29158911706022,0.776136025824629,0.954108
ERR1583389.ERS1294051,75,3.11415104193433,0.721287693223927,0.924892
ERR1582971.ERS1293633,78,2.99419821866038,0.687261494345835,0.892054
ERR1583348.ERS1294010,46,1.3090301263903,0.341904605532055,0.446922
ERR1582444.ERS1293106,106,3.50039802220934,0.750604425525543,0.943976
ERR1582418.ERS1293080,71,3.28782136469325,0.771303841604755,0.944228
ERR1582130.ERS1292792,56,2.29291061207142,0.569617461586981,0.766986
ERR1582767.ERS1293429,36,1.64096495425902,0.457919989385069,0.627952
ERR1582954.ERS1293616,70,2.63846748117122,0.621035762275798,0.807944
ERR1582928.ERS1293590,66,2.8880712499057,0.689333949390974,0.916562
ERR1583084.ERS1293746,59,2.15235630097482,0.527856906425649,0.762536
ERR1583216.ERS1293878,70,2.56605825233159,0.603992262233015,0.84343
ERR1582473.ERS1293135,129,3.68408212754777,0.75807085150886,0.950264
ERR1582568.ERS1293230,177,4.14608972962462,0.800998801007054,0.966882
ERR1582047.ERS1292709,28,2.22039514881311,0.666344200073232,0.853288
ERR1583043.ERS1293705,120,3.56912535897882,0.745510499179425,0.940606
ERR1583138.ERS1293800,53,2.03797683436417,0.513306547412239,0.730882
ERR1582983.ERS1293645,71,2.7857677630874,0.653524975706357,0.896462
ERR1582113.ERS1292775,40,2.49080620255291,0.675220275841515,0.879926
ERR1582942.ERS1293604,84,3.11181549994807,0.702311930558813,0.89933
ERR1582456.ERS1293118,112,3.62881727158398,0.769061807699018,0.950918
SRR7189376.SRS3321891,235,4.41347213510146,0.808389597281234,0.961166
SRR12576065.SRS7312091,180,4.04856721204208,0.77962658429331,0.962662
ERR1582966.ERS1293628,84,3.14908432928252,0.710723207988335,0.916514
ERR1583096.ERS1293758,73,2.60828340685783,0.607926363746185,0.829582
ERR1582485.ERS1293147,83,3.27771434808665,0.741758899903168,0.93799
ERR1583481.ERS1294143,68,2.52683037123368,0.598844829251998,0.856942
ERR1582804.ERS1293466,86,3.10446339132106,0.696951356696454,0.902286
ERR1583029.ERS1293691,88,2.43595881274654,0.544064231413072,0.752342
ERR1582246.ERS1292908,90,2.83829028355201,0.630757852330162,0.90181
ERR1582125.ERS1292787,43,2.10415400917559,0.55943686707762,0.76551
ERR1582510.ERS1293172,183,4.19179772433554,0.804647061409157,0.963508
SRR7189392.SRS3321875,309,4.95594905046085,0.864408520460946,0.98474
SRR10585908.SRS5760902,339,5.21628891551464,0.895346518944718,0.989852
ERR1583271.ERS1293933,42,1.47205597595533,0.393843256973423,0.49828
ERR1582660.ERS1293322,40,2.00819782944716,0.544392370210841,0.757394
ERR1582497.ERS1293159,83,3.38508186358074,0.766056566423353,0.940054
ERR1582300.ERS1292962,71,3.13206737827282,0.73476485887248,0.918804
ERR1582779.ERS1293441,42,1.63962742439693,0.43867639247098,0.63788
ERR1582816.ERS1293478,72,2.87805598985874,0.672967192145667,0.879088
ERR1583067.ERS1293729,72,2.95354358726999,0.690618230433551,0.893558
ERR1582137.ERS1292799,61,1.8509704893782,0.450262049027968,0.633576
ERR1583228.ERS1293890,54,2.15493524964631,0.540221576344074,0.764652
ERR1582643.ERS1293305,47,1.94001998549587,0.503881977053087,0.681596
ERR1582738.ERS1293400,32,1.23545669347448,0.356477448981742,0.44354
ERR1582522.ERS1293184,193,4.2254122333974,0.802899673308846,0.960598
SRR10585893.SRS5760917,241,3.8369134755126,0.699554335746518,0.92413
ERR1582287.ERS1292949,81,2.20299539165487,0.501313205390605,0.713646
ERR1583476.ERS1294138,67,2.59821017790939,0.617931062529305,0.870542
ERR1583283.ERS1293945,80,2.50288009354326,0.571169530038588,0.830214
ERR1582672.ERS1293334,49,2.1382946010728,0.54943302549475,0.767328
ERR1582088.ERS1292750,43,1.98638716540749,0.528125891818229,0.724498
SRR7189357.SRS3321909,305,4.96038566348891,0.867153025430164,0.98432
ERR1583409.ERS1294071,32,0.946255050504127,0.273031493755688,0.322546
ERR1583242.ERS1293904,74,2.36114364508127,0.548584557610283,0.765772
ERR1582312.ERS1292974,71,3.16709669551211,0.742982533727201,0.932826
SRR10585915.SRS5760895,275,4.30957784606367,0.767269623619528,0.9443
ERR1583464.ERS1294126,53,2.58859607314474,0.651991372299069,0.860586
ERR1582655.ERS1293317,43,2.13013257429111,0.566343855357005,0.771528
ERR1582629.ERS1293291,47,1.8709081914971,0.48593154991412,0.666132
ERR1583295.ERS1293957,63,2.53645690602883,0.612207199025351,0.869842
ERR1582684.ERS1293346,102,3.41952560530972,0.739361233754249,0.935354
SRR7754519.SRS3714298,297,4.85164354428774,0.852102527132223,0.97898
ERR1583447.ERS1294109,56,2.62907979763604,0.65313045905708,0.873936
ERR1583254.ERS1293916,52,1.51020525173965,0.382210098718446,0.498622
ERR1583133.ERS1293795,55,1.79613030964097,0.448210874069552,0.660018
ERR1582390.ERS1293052,130,3.4850264592073,0.715973660726966,0.90141
ERR1582059.ERS1292721,37,1.97356443948382,0.546554778377283,0.717312
ERR1582030.ERS1292692,54,2.46532091641257,0.61803228281546,0.789996
ERR1582667.ERS1293329,164,3.75027893696975,0.735368070918234,0.947366
ERR1583116.ERS1293778,71,2.57081592831101,0.603098520758586,0.865034
ERR1582468.ERS1293130,95,3.43417023825372,0.754120131044367,0.933898
ERR1582505.ERS1293167,195,4.36689535362958,0.828161524598919,0.976364
ERR1582180.ERS1292842,58,2.12986546393277,0.524540169237877,0.790666
ERR1583501.ERS1294163,94,3.17771928830662,0.699430576397448,0.910792
ERR1582883.ERS1293545,64,2.03295155667032,0.488821521529295,0.72253
ERR1583266.ERS1293928,93,2.78675231025438,0.614824299932947,0.848464
ERR1582336.ERS1292998,167,4.10863522629679,0.802782374673615,0.959226
ERR1582842.ERS1293504,74,2.32576945052907,0.540365770536627,0.760674
ERR1582163.ERS1292825,55,2.60332757411508,0.649640909248242,0.877392
ERR1582385.ERS1293047,92,3.76759463088214,0.833208931971097,0.963164
ERR1582517.ERS1293179,173,3.97046473511587,0.770471583512794,0.950326
ERR1582192.ERS1292854,54,1.96671996004524,0.493037810401669,0.721486
ERR1583320.ERS1293982,58,2.61664115421636,0.644422578378765,0.863224
ERR1582895.ERS1293557,46,2.01031141975049,0.5250717451872,0.720124
ERR1582344.ERS1293006,178,4.05654098178306,0.782846474078294,0.947888
ERR1582439.ERS1293101,114,3.77361525128397,0.796760374887411,0.959652
ERR1582151.ERS1292813,52,2.5566735143165,0.64705538215557,0.84936
ERR1583340.ERS1294002,37,1.01552448825656,0.281237212482879,0.33411
ERR1582854.ERS1293516,65,2.70688402853106,0.648450623652542,0.856148
ERR1582949.ERS1293611,80,2.95341971282635,0.673984883947688,0.887126
ERR1583079.ERS1293741,54,2.76175985655536,0.692346678832691,0.893486
ERR1582560.ERS1293222,166,4.05719621341725,0.793663127024331,0.95461
ERR1582108.ERS1292770,84,2.18782476674288,0.493774594181828,0.696966
ERR1582397.ERS1293059,78,3.29782012174411,0.756952151941247,0.94141
ERR1583393.ERS1294055,55,1.88862994647135,0.471293466046495,0.630124
ERR1583488.ERS1294150,64,2.86175339080491,0.688106237526903,0.886836
SRR7189380.SRS3321887,312,4.93358378333346,0.859059906810751,0.985462
ERR1582716.ERS1293378,53,2.00926525023486,0.506074942090901,0.698692
ERR1583352.ERS1294014,86,2.43514178409137,0.546688801328881,0.753008
SRR5312113.SRS2022590,464,5.78893117389414,0.942840394579591,0.995284
ERR1582866.ERS1293528,73,3.00970534875718,0.701487891924132,0.912126
ERR1583278.ERS1293940,55,2.53661327486276,0.632992855251093,0.863938
ERR1583315.ERS1293977,47,1.48786718762482,0.386444194234001,0.492982
ERR1583381.ERS1294043,63,1.73041332032172,0.417657989565023,0.521424
ERR1582572.ERS1293234,153,3.61301040298454,0.718229796181334,0.924836
ERR1582704.ERS1293366,42,1.5137406446882,0.404995839461978,0.557862
ERR1582146.ERS1292808,59,2.75193162035195,0.67490039226126,0.90015
ERR1582025.ERS1292687,61,2.53791432379973,0.617366138600824,0.827312
ERR1583142.ERS1293804,47,2.06744607076814,0.536978392685484,0.726754
ERR1583021.ERS1293683,74,2.34757304335639,0.54543158444863,0.762684
SRR10585881.SRS5760929,148,3.0560894252748,0.611558856788932,0.858528
ERR1582410.ERS1293072,58,2.47255924049298,0.608938294188802,0.82839
ERR1583364.ERS1294026,67,2.85662433573717,0.679389575961664,0.888826
ERR1583459.ERS1294121,58,2.62011671419139,0.645278534235306,0.872452
ERR1583171.ERS1293833,39,1.84681753177562,0.504104396257854,0.628844
ERR1583327.ERS1293989,69,2.5331502223293,0.598272674430577,0.87051
ERR1582584.ERS1293246,149,3.60812213766884,0.721055326549335,0.926574
ERR1582679.ERS1293341,54,2.3007029423402,0.576764137305037,0.80151
ERR1582037.ERS1292699,36,2.59096021437262,0.723021214306429,0.86877
ERR1582903.ERS1293565,54,2.18049550698216,0.5466292874398,0.795092
ERR1583154.ERS1293816,56,2.7946586170197,0.694264459786695,0.894586
ERR1583249.ERS1293911,55,1.7692696213045,0.441507990357399,0.566346
ERR1583033.ERS1293695,124,3.65228610443684,0.757691444935003,0.951522
ERR1582543.ERS1293205,154,3.80024761446452,0.754473570516328,0.943592
ERR1582638.ERS1293300,54,2.05431003576611,0.514995801383436,0.715938
ERR1582422.ERS1293084,143,3.81915076597748,0.769548726690134,0.955324
ERR1583376.ERS1294038,59,2.35132828581063,0.576654002117117,0.7923
ERR1582932.ERS1293594,56,2.2266617924072,0.553159565543588,0.742766
SRR7189387.SRS3321880,250,4.59267386946654,0.831785996095521,0.97673
ERR1582405.ERS1293067,146,4.02537715516795,0.807723695051213,0.960228
ERR1582080.ERS1292742,34,1.79299558286567,0.508454983643748,0.702646
ERR1582212.ERS1292874,59,2.62051035184564,0.642669843722037,0.877432
ERR1582915.ERS1293577,81,2.4145628081698,0.549457445787601,0.81689
ERR1583166.ERS1293828,68,2.57619420056939,0.610543783913264,0.842886
ERR1582555.ERS1293217,185,4.20883708124736,0.806235670953371,0.958016
ERR1582434.ERS1293096,55,2.57322630130384,0.642129361937387,0.87398
ERR1582529.ERS1293191,183,4.01299339023908,0.770324226325136,0.947862
ERR1583430.ERS1294092,41,2.01652365716377,0.543014547972237,0.759526
ERR1583347.ERS1294009,39,1.11562137719622,0.304518248894437,0.355882
ERR1582771.ERS1293433,47,2.15680604648494,0.560187886180517,0.754978
SRR10585888.SRS5760922,262,4.36839582168505,0.784505308307424,0.965148
ERR1582417.ERS1293079,114,3.45792953503238,0.730106555438902,0.936872
ERR1582092.ERS1292754,48,1.76550082043989,0.456060229232539,0.628206
ERR1582224.ERS1292886,46,1.89025005737133,0.493713007205299,0.709198
SRR7189361.SRS3321906,236,4.42936998510168,0.81067099851565,0.9622
ERR1582319.ERS1292981,53,2.46968982337795,0.622042378029676,0.848842
ERR1583508.ERS1294170,96,3.26160882862678,0.714583702164468,0.927406
ERR1583220.ERS1293882,31,1.40612453026256,0.409472850809115,0.57157
ERR1582339.ERS1293001,183,4.10793792689775,0.788549543347408,0.953028
ERR1582567.ERS1293229,177,4.15991439935618,0.803669641389541,0.967142
